<?xml version="1.0" encoding="UTF-8"?><?xml-stylesheet type='text/xsl' href='_UpgradeReport_Files/UpgradeReport.xslt'?><UpgradeLog>
<Properties><Property Name="Solution" Value="SqlConverter">
</Property><Property Name="Solution File" Value="C:\Users\lironl\Downloads\SqlConverter_v1_16 (4)\SqlConverter_v1_16\SqlConverter.sln">
</Property><Property Name="Date" Value="יום שני 14 נובמבר 2011">
</Property><Property Name="Time" Value="13:33">
</Property></Properties><Event ErrorLevel="1" Project="Converter" Source="Converter\Converter.csproj" Description="Your project is targeting .NET Framework 2.0 or 3.0. If your project uses assemblies requiring a newer .NET Framework, your project will fail to build. You can change the .NET Framework version by clicking Properties on the project menu and then selecting a new version in the '.NET Framework' dropdown box. (In Visual Basic, this is located on the Compile tab by clicking the 'Advanced Compiler Options...' button.)">
</Event><Event ErrorLevel="0" Project="Converter" Source="Converter\Converter.csproj" Description="Project converted successfully">
</Event><Event ErrorLevel="3" Project="Converter" Source="Converter\Converter.csproj" Description="Converted">
</Event><Event ErrorLevel="1" Project="DbAccess" Source="DbAccess\DbAccess.csproj" Description="Your project is targeting .NET Framework 2.0 or 3.0. If your project uses assemblies requiring a newer .NET Framework, your project will fail to build. You can change the .NET Framework version by clicking Properties on the project menu and then selecting a new version in the '.NET Framework' dropdown box. (In Visual Basic, this is located on the Compile tab by clicking the 'Advanced Compiler Options...' button.)">
</Event><Event ErrorLevel="0" Project="DbAccess" Source="DbAccess\DbAccess.csproj" Description="Project converted successfully">
</Event><Event ErrorLevel="3" Project="DbAccess" Source="DbAccess\DbAccess.csproj" Description="Converted">
</Event><Event ErrorLevel="0" Project="" Source="SqlConverter.sln" Description="Solution converted successfully">
</Event><Event ErrorLevel="3" Project="" Source="SqlConverter.sln" Description="Converted">
</Event><Event ErrorLevel="0" Project="Converter" Source="Converter\Converter.csproj" Description="Scan complete: Upgrade not required for project files.">
</Event><Event ErrorLevel="0" Project="DbAccess" Source="DbAccess\DbAccess.csproj" Description="Scan complete: Upgrade not required for project files.">
</Event></UpgradeLog>