<?xml version="1.0"?>
<doc>
    <assembly>
        <name>PdC_04_Iterator</name>
    </assembly>
    <members>
        <member name="T:PdC_04_Iterator.My.Resources.Resources">
            <summary>
              Clase de recurso fuertemente tipado, para buscar cadenas traducidas, etc.
            </summary>
        </member>
        <member name="P:PdC_04_Iterator.My.Resources.Resources.ResourceManager">
            <summary>
              Devuelve la instancia de ResourceManager almacenada en caché utilizada por esta clase.
            </summary>
        </member>
        <member name="P:PdC_04_Iterator.My.Resources.Resources.Culture">
            <summary>
              Reemplaza la propiedad CurrentUICulture del subproceso actual para todas las
              búsquedas de recursos mediante esta clase de recurso fuertemente tipado.
            </summary>
        </member>
    </members>
</doc>
